title,price,rating,availability,category,source,rating_num
A Light in the Attic,51.77,Three,In stock,Poetry,Books to Scrape,3
Tipping the Velvet,53.74,One,In stock,Historical Fiction,Books to Scrape,1
Soumission,50.1,One,In stock,Fiction,Books to Scrape,1
Sharp Objects,47.82,Four,In stock,Mystery,Books to Scrape,4
Sapiens: A Brief History of Humankind,54.23,Five,In stock,History,Books to Scrape,5
The Requiem Red,22.65,One,In stock,Young Adult,Books to Scrape,1
The Dirty Little Secrets of Getting Your Dream Job,33.34,Four,In stock,Business,Books to Scrape,4
"The Coming Woman: A Novel Based on the Life of the Infamous Feminist, Victoria Woodhull",17.93,Three,In stock,Default,Books to Scrape,3
The Boys in the Boat: Nine Americans and Their Epic Quest for Gold at the 1936 Berlin Olympics,22.6,Four,In stock,Default,Books to Scrape,4
The Black Maria,52.15,One,In stock,Poetry,Books to Scrape,1
"Starving Hearts (Triangular Trade Trilogy, #1)",13.99,Two,In stock,Default,Books to Scrape,2
Shakespeare's Sonnets,20.66,Four,In stock,Poetry,Books to Scrape,4
Set Me Free,17.46,Five,In stock,Young Adult,Books to Scrape,5
Scott Pilgrim's Precious Little Life (Scott Pilgrim #1),52.29,Five,In stock,Sequential Art,Books to Scrape,5
Rip it Up and Start Again,35.02,Five,In stock,Music,Books to Scrape,5
"Our Band Could Be Your Life: Scenes from the American Indie Underground, 1981-1991",57.25,Three,In stock,Music,Books to Scrape,3
Olio,23.88,One,In stock,Poetry,Books to Scrape,1
Mesaerion: The Best Science Fiction Stories 1800-1849,37.59,One,In stock,Science Fiction,Books to Scrape,1
Libertarianism for Beginners,51.33,Two,In stock,Politics,Books to Scrape,2
It's Only the Himalayas,45.17,Two,In stock,Travel,Books to Scrape,2
In Her Wake,12.84,One,In stock,Thriller,Books to Scrape,1
How Music Works,37.32,Two,In stock,Music,Books to Scrape,2
"Foolproof Preserving: A Guide to Small Batch Jams, Jellies, Pickles, Condiments, and More: A Foolproof Guide to Making Small Batch Jams, Jellies, Pickles, Condiments, and More",30.52,Three,In stock,Food and Drink,Books to Scrape,3
Chase Me (Paris Nights #2),25.27,Five,In stock,Romance,Books to Scrape,5
Black Dust,34.53,Five,In stock,Romance,Books to Scrape,5
Birdsong: A Story in Pictures,54.64,Three,In stock,Childrens,Books to Scrape,3
America's Cradle of Quarterbacks: Western Pennsylvania's Football Factory from Johnny Unitas to Joe Montana,22.5,Three,In stock,Default,Books to Scrape,3
Aladdin and His Wonderful Lamp,53.13,Three,In stock,Default,Books to Scrape,3
Worlds Elsewhere: Journeys Around Shakespeare’s Globe,40.3,Five,In stock,Nonfiction,Books to Scrape,5
Wall and Piece,44.18,Four,In stock,Art,Books to Scrape,4
The Four Agreements: A Practical Guide to Personal Freedom,17.66,Five,In stock,Spirituality,Books to Scrape,5
The Five Love Languages: How to Express Heartfelt Commitment to Your Mate,31.05,Three,In stock,Nonfiction,Books to Scrape,3
The Elephant Tree,23.82,Five,In stock,Thriller,Books to Scrape,5
The Bear and the Piano,36.89,One,In stock,Childrens,Books to Scrape,1
Sophie's World,15.94,Five,In stock,Philosophy,Books to Scrape,5
Penny Maybe,33.29,Three,In stock,Default,Books to Scrape,3
Maude (1883-1993):She Grew Up with the country,18.02,Two,In stock,Default,Books to Scrape,2
"In a Dark, Dark Wood",19.63,One,In stock,Mystery,Books to Scrape,1
Behind Closed Doors,52.22,Four,In stock,Thriller,Books to Scrape,4
You can't bury them all: Poems,33.63,Two,In stock,Poetry,Books to Scrape,2
Slow States of Collapse: Poems,57.31,Three,In stock,Poetry,Books to Scrape,3
Reasons to Stay Alive,26.41,Two,In stock,Nonfiction,Books to Scrape,2
Private Paris (Private #10),47.61,Five,In stock,Fiction,Books to Scrape,5
#HigherSelfie: Wake Up Your Life. Free Your Soul. Find Your Tribe.,23.11,Five,In stock,Nonfiction,Books to Scrape,5
Without Borders (Wanderlove #1),45.07,Two,In stock,New Adult,Books to Scrape,2
When We Collided,31.77,One,In stock,Contemporary,Books to Scrape,1
"We Love You, Charlie Freeman",50.27,Five,In stock,Fiction,Books to Scrape,5
Untitled Collection: Sabbath Poems 2014,14.27,Four,In stock,Poetry,Books to Scrape,4
"Unseen City: The Majesty of Pigeons, the Discreet Charm of Snails & Other Wonders of the Urban Wilderness",44.18,Four,In stock,Nonfiction,Books to Scrape,4
Unicorn Tracks,18.78,Three,In stock,Fantasy,Books to Scrape,3
"Unbound: How Eight Technologies Made Us Human, Transformed Society, and Brought Our World to the Brink",25.52,One,In stock,History,Books to Scrape,1
Tsubasa: WoRLD CHRoNiCLE 2 (Tsubasa WoRLD CHRoNiCLE #2),16.28,One,In stock,Sequential Art,Books to Scrape,1
Throwing Rocks at the Google Bus: How Growth Became the Enemy of Prosperity,31.12,Three,In stock,Nonfiction,Books to Scrape,3
This One Summer,19.49,Four,In stock,Sequential Art,Books to Scrape,4
Thirst,17.27,Five,In stock,Fiction,Books to Scrape,5
The Torch Is Passed: A Harding Family Story,19.09,One,In stock,Add a comment,Books to Scrape,1
The Secret of Dreadwillow Carse,56.13,One,In stock,Childrens,Books to Scrape,1
"The Pioneer Woman Cooks: Dinnertime: Comfort Classics, Freezer Food, 16-Minute Meals, and Other Delicious Ways to Solve Supper!",56.41,One,In stock,Food and Drink,Books to Scrape,1
The Past Never Ends,56.5,Four,In stock,Mystery,Books to Scrape,4
The Natural History of Us (The Fine Art of Pretending #2),45.22,Three,In stock,Young Adult,Books to Scrape,3
The Nameless City (The Nameless City #1),38.16,Four,In stock,Sequential Art,Books to Scrape,4
The Murder That Never Was (Forensic Instincts #5),54.11,Three,In stock,Fiction,Books to Scrape,3
The Most Perfect Thing: Inside (and Outside) a Bird's Egg,42.96,Four,In stock,Science,Books to Scrape,4
"The Mindfulness and Acceptance Workbook for Anxiety: A Guide to Breaking Free from Anxiety, Phobias, and Worry Using Acceptance and Commitment Therapy",23.89,Four,In stock,Add a comment,Books to Scrape,4
The Life-Changing Magic of Tidying Up: The Japanese Art of Decluttering and Organizing,16.77,Three,In stock,Nonfiction,Books to Scrape,3
"The Inefficiency Assassin: Time Management Tactics for Working Smarter, Not Longer",20.59,Five,In stock,Default,Books to Scrape,5
The Gutsy Girl: Escapades for Your Life of Epic Adventure,37.13,One,In stock,Nonfiction,Books to Scrape,1
The Electric Pencil: Drawings from Inside State Hospital No. 3,56.06,One,In stock,Nonfiction,Books to Scrape,1
The Death of Humanity: and the Case for Life,58.11,Four,In stock,Philosophy,Books to Scrape,4
"The Bulletproof Diet: Lose up to a Pound a Day, Reclaim Energy and Focus, Upgrade Your Life",49.05,Three,In stock,Health,Books to Scrape,3
The Art Forger,40.76,Three,In stock,Add a comment,Books to Scrape,3
The Age of Genius: The Seventeenth Century and the Birth of the Modern Mind,19.73,One,In stock,History,Books to Scrape,1
The Activist's Tao Te Ching: Ancient Advice for a Modern Revolution,32.24,Five,In stock,Spirituality,Books to Scrape,5
Spark Joy: An Illustrated Master Class on the Art of Organizing and Tidying Up,41.83,Four,In stock,Nonfiction,Books to Scrape,4
Soul Reader,39.58,Two,In stock,Default,Books to Scrape,2
Security,39.25,Two,In stock,Horror,Books to Scrape,2
"Saga, Volume 6 (Saga (Collected Editions) #6)",25.02,Three,In stock,Fantasy,Books to Scrape,3
"Saga, Volume 5 (Saga (Collected Editions) #5)",51.04,Two,In stock,Sequential Art,Books to Scrape,2
Reskilling America: Learning to Labor in the Twenty-First Century,19.83,Two,In stock,Nonfiction,Books to Scrape,2
"Rat Queens, Vol. 3: Demons (Rat Queens (Collected Editions) #11-15)",50.4,Three,In stock,Sequential Art,Books to Scrape,3
"Princess Jellyfish 2-in-1 Omnibus, Vol. 01 (Princess Jellyfish 2-in-1 Omnibus #1)",13.61,Five,In stock,Sequential Art,Books to Scrape,5
Princess Between Worlds (Wide-Awake Princess #5),13.34,Five,In stock,Fantasy,Books to Scrape,5
"Pop Gun War, Volume 1: Gift",18.97,One,In stock,Sequential Art,Books to Scrape,1
"Political Suicide: Missteps, Peccadilloes, Bad Calls, Backroom Hijinx, Sordid Pasts, Rotten Breaks, and Just Plain Dumb Mistakes in the Annals of American Politics",36.28,Two,In stock,History,Books to Scrape,2
Patience,10.16,Three,In stock,Sequential Art,Books to Scrape,3
"Outcast, Vol. 1: A Darkness Surrounds Him (Outcast #1)",15.44,Four,In stock,Sequential Art,Books to Scrape,4
orange: The Complete Collection 1 (orange: The Complete Collection #1),48.41,One,In stock,Sequential Art,Books to Scrape,1
Online Marketing for Busy Authors: A Step-By-Step Guide,46.35,One,In stock,Self Help,Books to Scrape,1
On a Midnight Clear,14.07,Three,In stock,Add a comment,Books to Scrape,3
Obsidian (Lux #1),14.86,Two,In stock,Young Adult,Books to Scrape,2
My Paris Kitchen: Recipes and Stories,33.37,Two,In stock,Food and Drink,Books to Scrape,2
Masks and Shadows,56.4,Two,In stock,Fantasy,Books to Scrape,2
"Mama Tried: Traditional Italian Cooking for the Screwed, Crude, Vegan, and Tattooed",14.02,Four,In stock,Food and Drink,Books to Scrape,4
"Lumberjanes, Vol. 2: Friendship to the Max (Lumberjanes #5-8)",46.91,Two,In stock,Sequential Art,Books to Scrape,2
"Lumberjanes, Vol. 1: Beware the Kitten Holy (Lumberjanes #1-4)",45.61,Three,In stock,Sequential Art,Books to Scrape,3
Lumberjanes Vol. 3: A Terrible Plan (Lumberjanes #9-12),19.92,Two,In stock,Sequential Art,Books to Scrape,2
"Layered: Baking, Building, and Styling Spectacular Cakes",40.11,One,In stock,Food and Drink,Books to Scrape,1
Judo: Seven Steps to Black Belt (an Introductory Guide for Beginners),53.9,Two,In stock,Add a comment,Books to Scrape,2
Join,35.67,Five,In stock,Science Fiction,Books to Scrape,5
In the Country We Love: My Family Divided,22.0,Four,In stock,Nonfiction,Books to Scrape,4
Immunity: How Elie Metchnikoff Changed the Course of Modern Medicine,57.36,Five,In stock,Science,Books to Scrape,5
"I Hate Fairyland, Vol. 1: Madly Ever After (I Hate Fairyland (Compilations) #1-5)",29.17,Two,In stock,Sequential Art,Books to Scrape,2
I am a Hero Omnibus Volume 1,54.63,Three,In stock,Sequential Art,Books to Scrape,3
How to Be Miserable: 40 Strategies You Already Use,46.03,One,In stock,Self Help,Books to Scrape,1
Her Backup Boyfriend (The Sorensen Family #1),33.97,One,In stock,Romance,Books to Scrape,1
"Giant Days, Vol. 2 (Giant Days #5-8)",22.11,Two,In stock,Sequential Art,Books to Scrape,2
Forever and Forever: The Courtship of Henry Longfellow and Fanny Appleton,29.69,Three,In stock,Historical Fiction,Books to Scrape,3
First and First (Five Boroughs #3),15.97,Four,In stock,Romance,Books to Scrape,4
Fifty Shades Darker (Fifty Shades #2),21.96,One,In stock,Romance,Books to Scrape,1
Everydata: The Misinformation Hidden in the Little Data You Consume Every Day,54.35,Two,In stock,Nonfiction,Books to Scrape,2
"Don't Be a Jerk: And Other Practical Advice from Dogen, Japan's Greatest Zen Master",37.97,Two,In stock,Religion,Books to Scrape,2
Danganronpa Volume 1,51.99,Four,In stock,Sequential Art,Books to Scrape,4
Crown of Midnight (Throne of Glass #2),43.29,Three,In stock,Fantasy,Books to Scrape,3
"Codename Baboushka, Volume 1: The Conclave of Death",36.72,Four,In stock,Sequential Art,Books to Scrape,4
Camp Midnight,17.08,Four,In stock,Sequential Art,Books to Scrape,4
Call the Nurse: True Stories of a Country Nurse on a Scottish Isle,29.14,Five,In stock,Nonfiction,Books to Scrape,5
Burning,28.81,Three,In stock,Young Adult,Books to Scrape,3
Bossypants,49.46,Two,In stock,Default,Books to Scrape,2
"Bitch Planet, Vol. 1: Extraordinary Machine (Bitch Planet (Collected Editions))",37.92,Two,In stock,Sequential Art,Books to Scrape,2
"Avatar: The Last Airbender: Smoke and Shadow, Part 3 (Smoke and Shadow #3)",28.09,Two,In stock,Fantasy,Books to Scrape,2
Algorithms to Live By: The Computer Science of Human Decisions,30.81,One,In stock,Nonfiction,Books to Scrape,1
A World of Flavor: Your Gluten Free Passport,42.95,One,In stock,Default,Books to Scrape,1
"A Piece of Sky, a Grain of Rice: A Memoir in Four Meditations",56.76,Five,In stock,Default,Books to Scrape,5
A Murder in Time,16.64,One,In stock,Mystery,Books to Scrape,1
A Flight of Arrows (The Pathfinders #2),55.53,Five,In stock,Historical Fiction,Books to Scrape,5
A Fierce and Subtle Poison,28.13,Four,In stock,Young Adult,Books to Scrape,4
A Court of Thorns and Roses (A Court of Thorns and Roses #1),52.37,One,In stock,Fantasy,Books to Scrape,1
(Un)Qualified: How God Uses Broken People to Do Big Things,54.0,Five,In stock,Christian,Books to Scrape,5
You Are What You Love: The Spiritual Power of Habit,21.87,Four,In stock,Religion,Books to Scrape,4
"William Shakespeare's Star Wars: Verily, A New Hope (William Shakespeare's Star Wars #4)",43.3,Four,In stock,Science Fiction,Books to Scrape,4
Tuesday Nights in 1980,21.04,Two,In stock,Fiction,Books to Scrape,2
Tracing Numbers on a Train,41.6,Three,In stock,Default,Books to Scrape,3
Throne of Glass (Throne of Glass #1),35.07,Three,In stock,Fantasy,Books to Scrape,3
Thomas Jefferson and the Tripoli Pirates: The Forgotten War That Changed American History,59.64,One,In stock,History,Books to Scrape,1
Thirteen Reasons Why,52.72,One,In stock,Default,Books to Scrape,1
The White Cat and the Monk: A Retelling of the Poem “Pangur Bán”,58.08,Four,In stock,Childrens,Books to Scrape,4
The Wedding Dress,24.12,One,In stock,Romance,Books to Scrape,1
The Vacationers,42.15,Four,In stock,Fiction,Books to Scrape,4
The Third Wave: An Entrepreneur’s Vision of the Future,12.61,Five,In stock,Business,Books to Scrape,5
The Stranger,17.44,Four,In stock,Philosophy,Books to Scrape,4
The Shadow Hero (The Shadow Hero),33.14,One,In stock,Sequential Art,Books to Scrape,1
The Secret (The Secret #1),27.37,Four,In stock,Default,Books to Scrape,4
The Regional Office Is Under Attack!,51.36,Five,In stock,Fiction,Books to Scrape,5
The Psychopath Test: A Journey Through the Madness Industry,36.0,Two,In stock,Default,Books to Scrape,2
The Project,10.65,One,In stock,Science Fiction,Books to Scrape,1
The Power of Now: A Guide to Spiritual Enlightenment,43.54,Two,In stock,Nonfiction,Books to Scrape,2
The Omnivore's Dilemma: A Natural History of Four Meals,38.21,Two,In stock,Nonfiction,Books to Scrape,2
The Nerdy Nummies Cookbook: Sweet Treats for the Geek in All of Us,37.34,Five,In stock,Food and Drink,Books to Scrape,5
The Murder of Roger Ackroyd (Hercule Poirot #4),44.1,Four,In stock,Mystery,Books to Scrape,4
The Mistake (Off-Campus #2),43.29,Three,In stock,New Adult,Books to Scrape,3
The Matchmaker's Playbook (Wingmen Inc. #1),55.85,One,In stock,New Adult,Books to Scrape,1
The Love and Lemons Cookbook: An Apple-to-Zucchini Celebration of Impromptu Cooking,37.6,Two,In stock,Food and Drink,Books to Scrape,2
The Long Shadow of Small Ghosts: Murder and Memory in an American City,10.97,One,In stock,Crime,Books to Scrape,1
The Kite Runner,41.82,Four,In stock,Default,Books to Scrape,4
The House by the Lake,36.95,One,In stock,Historical Fiction,Books to Scrape,1
The Glittering Court (The Glittering Court #1),44.28,One,In stock,Fantasy,Books to Scrape,1
The Girl on the Train,55.02,Two,In stock,Default,Books to Scrape,2
The Genius of Birds,17.24,One,In stock,Nonfiction,Books to Scrape,1
The Emerald Mystery,23.15,Two,In stock,Default,Books to Scrape,2
The Cookies & Cups Cookbook: 125+ sweet & savory recipes reminding you to Always Eat Dessert First,41.25,One,In stock,Food and Drink,Books to Scrape,1
The Bridge to Consciousness: I'm Writing the Bridge Between Science and Our Old and New Beliefs.,32.0,Three,In stock,Default,Books to Scrape,3
The Artist's Way: A Spiritual Path to Higher Creativity,38.49,Five,In stock,Nonfiction,Books to Scrape,5
The Art of War,33.34,Five,In stock,Default,Books to Scrape,5
The Argonauts,10.93,Two,In stock,Autobiography,Books to Scrape,2
The 10% Entrepreneur: Live Your Startup Dream Without Quitting Your Day Job,27.55,Three,In stock,Business,Books to Scrape,3
Suddenly in Love (Lake Haven #1),55.99,Two,In stock,Romance,Books to Scrape,2
Something More Than This,16.24,Four,In stock,Romance,Books to Scrape,4
Soft Apocalypse,26.12,Two,In stock,Science Fiction,Books to Scrape,2
So You've Been Publicly Shamed,12.23,Two,In stock,Nonfiction,Books to Scrape,2
Shoe Dog: A Memoir by the Creator of NIKE,23.99,Two,In stock,Business,Books to Scrape,2
"Shobu Samurai, Project Aryoku (#3)",29.06,Three,In stock,Add a comment,Books to Scrape,3
Secrets and Lace (Fatal Hearts #1),20.27,One,In stock,Default,Books to Scrape,1
Scarlett Epstein Hates It Here,43.55,Five,In stock,Young Adult,Books to Scrape,5
Romero and Juliet: A Tragic Tale of Love and Zombies,36.94,One,In stock,Default,Books to Scrape,1
Redeeming Love,20.47,Five,In stock,Christian Fiction,Books to Scrape,5
Poses for Artists Volume 1 - Dynamic and Sitting Poses: An Essential Reference for Figure Drawing and the Human Form,41.06,One,In stock,Default,Books to Scrape,1
Poems That Make Grown Women Cry,14.19,Four,In stock,Poetry,Books to Scrape,4
"Nightingale, Sing",38.28,One,In stock,Young Adult,Books to Scrape,1
Night Sky with Exit Wounds,41.05,One,In stock,Poetry,Books to Scrape,1
Mrs. Houdini,30.25,Five,In stock,Historical Fiction,Books to Scrape,5
Modern Romance,28.26,Five,In stock,Add a comment,Books to Scrape,5
Miss Peregrine’s Home for Peculiar Children (Miss Peregrine’s Peculiar Children #1),10.76,One,In stock,Default,Books to Scrape,1
Louisa: The Extraordinary Life of Mrs. Adams,16.85,Two,In stock,Biography,Books to Scrape,2
Little Red,13.47,Three,In stock,Childrens,Books to Scrape,3
Library of Souls (Miss Peregrine’s Peculiar Children #3),48.56,Five,In stock,Young Adult,Books to Scrape,5
Large Print Heart of the Pride,19.15,Two,In stock,Default,Books to Scrape,2
I Had a Nice Time And Other Lies...: How to find love & sh*t like that,57.36,Four,In stock,Womens Fiction,Books to Scrape,4
Hollow City (Miss Peregrine’s Peculiar Children #2),42.98,One,In stock,Fantasy,Books to Scrape,1
Grumbles,22.16,Two,In stock,Default,Books to Scrape,2
Full Moon over Noah’s Ark: An Odyssey to Mount Ararat and Beyond,49.43,Four,In stock,Travel,Books to Scrape,4
Frostbite (Vampire Academy #2),29.99,Five,In stock,Young Adult,Books to Scrape,5
Follow You Home,21.36,One,In stock,Horror,Books to Scrape,1
First Steps for New Christians (Print Edition),29.0,One,In stock,Default,Books to Scrape,1
Finders Keepers (Bill Hodges Trilogy #2),53.53,Five,In stock,Fiction,Books to Scrape,5
"Fables, Vol. 1: Legends in Exile (Fables #1)",41.62,Four,In stock,Sequential Art,Books to Scrape,4
Eureka Trivia 6.0,54.59,Four,In stock,Default,Books to Scrape,4
Drive: The Surprising Truth About What Motivates Us,34.95,Four,In stock,Default,Books to Scrape,4
Done Rubbed Out (Reightman & Bailey #1),37.72,Five,In stock,Default,Books to Scrape,5
Doing It Over (Most Likely To #1),35.61,Three,In stock,Romance,Books to Scrape,3
"Deliciously Ella Every Day: Quick and Easy Recipes for Gluten-Free Snacks, Packed Lunches, and Simple Meals",42.16,Three,In stock,Food and Drink,Books to Scrape,3
Dark Notes,19.19,Five,In stock,Erotica,Books to Scrape,5
"Daring Greatly: How the Courage to Be Vulnerable Transforms the Way We Live, Love, Parent, and Lead",19.43,Three,In stock,Nonfiction,Books to Scrape,3
Close to You,49.46,Four,In stock,Christian Fiction,Books to Scrape,4
Chasing Heaven: What Dying Taught Me About Living,37.8,Two,In stock,Spirituality,Books to Scrape,2
Big Magic: Creative Living Beyond Fear,30.8,Three,In stock,Nonfiction,Books to Scrape,3
Becoming Wise: An Inquiry into the Mystery and Art of Living,27.43,Two,In stock,Nonfiction,Books to Scrape,2
Beauty Restored (Riley Family Legacy Novellas #3),11.11,Two,In stock,Default,Books to Scrape,2
Batman: The Long Halloween (Batman),36.5,Two,In stock,Sequential Art,Books to Scrape,2
Batman: The Dark Knight Returns (Batman),15.38,Five,In stock,Sequential Art,Books to Scrape,5
Ayumi's Violin,15.48,Two,In stock,Default,Books to Scrape,2
Anonymous,46.82,Four,In stock,Default,Books to Scrape,4
Amy Meets the Saints and Sages,18.46,Three,In stock,Default,Books to Scrape,3
Amid the Chaos,36.58,One,In stock,Cultural,Books to Scrape,1
Amatus,50.54,Five,In stock,Default,Books to Scrape,5
Agnostic: A Spirited Manifesto,12.51,Five,In stock,Nonfiction,Books to Scrape,5
Zealot: The Life and Times of Jesus of Nazareth,24.7,Three,In stock,History,Books to Scrape,3
You (You #1),43.61,Five,In stock,Thriller,Books to Scrape,5
"Wonder Woman: Earth One, Volume One (Wonder Woman: Earth One #1)",37.34,Four,In stock,Sequential Art,Books to Scrape,4
Wild Swans,14.36,Two,In stock,Young Adult,Books to Scrape,2
Why the Right Went Wrong: Conservatism--From Goldwater to the Tea Party and Beyond,52.65,Four,In stock,Politics,Books to Scrape,4
Whole Lotta Creativity Going On: 60 Fun and Unusual Exercises to Awaken and Strengthen Your Creativity,38.2,Four,In stock,Nonfiction,Books to Scrape,4
What's It Like in Space?: Stories from Astronauts Who've Been There,19.6,Two,In stock,Nonfiction,Books to Scrape,2
"We Are Robin, Vol. 1: The Vigilante Business (We Are Robin #1)",53.9,One,In stock,Sequential Art,Books to Scrape,1
Walt Disney's Alice in Wonderland,12.96,Five,In stock,Childrens,Books to Scrape,5
V for Vendetta (V for Vendetta Complete),37.1,Four,In stock,Default,Books to Scrape,4
Until Friday Night (The Field Party #1),46.31,Two,In stock,Young Adult,Books to Scrape,2
"Unbroken: A World War II Story of Survival, Resilience, and Redemption",45.95,Two,In stock,Default,Books to Scrape,2
Twenty Yawns,22.08,Two,In stock,Childrens,Books to Scrape,2
Through the Woods,25.38,Two,In stock,Sequential Art,Books to Scrape,2
This Is Where It Ends,27.12,Two,In stock,Young Adult,Books to Scrape,2
The Year of Magical Thinking,43.04,Two,In stock,Nonfiction,Books to Scrape,2
The Wright Brothers,56.8,Four,In stock,Default,Books to Scrape,4
The White Queen (The Cousins' War #1),25.91,Five,In stock,Add a comment,Books to Scrape,5
The Wedding Pact (The O'Malleys #2),32.61,Three,In stock,Romance,Books to Scrape,3
The Time Keeper,27.88,Five,In stock,Fiction,Books to Scrape,5
The Testament of Mary,52.67,Four,In stock,Fiction,Books to Scrape,4
The Star-Touched Queen,46.02,Five,In stock,Fantasy,Books to Scrape,5
The Songs of the Gods,44.48,Five,In stock,Default,Books to Scrape,5
The Song of Achilles,37.4,Five,In stock,Add a comment,Books to Scrape,5
The Rosie Project (Don Tillman #1),54.04,One,In stock,Default,Books to Scrape,1
The Power of Habit: Why We Do What We Do in Life and Business,16.88,Three,In stock,Default,Books to Scrape,3
The Marriage of Opposites,28.08,Four,In stock,Historical Fiction,Books to Scrape,4
The Lucifer Effect: Understanding How Good People Turn Evil,10.4,One,In stock,Psychology,Books to Scrape,1
The Long Haul (Diary of a Wimpy Kid #9),44.07,One,In stock,Humor,Books to Scrape,1
The Loney,23.4,One,In stock,Horror,Books to Scrape,1
The Literature Book (Big Ideas Simply Explained),17.43,Three,In stock,Nonfiction,Books to Scrape,3
The Last Mile (Amos Decker #2),54.21,Two,In stock,Mystery,Books to Scrape,2
The Immortal Life of Henrietta Lacks,40.67,Two,In stock,Add a comment,Books to Scrape,2
The Hidden Oracle (The Trials of Apollo #1),52.26,Two,In stock,Fantasy,Books to Scrape,2
The Help Yourself Cookbook for Kids: 60 Easy Plant-Based Recipes Kids Can Make to Stay Healthy and Save the Earth,28.77,Three,In stock,Food and Drink,Books to Scrape,3
The Guilty (Will Robie #4),13.82,Two,In stock,Thriller,Books to Scrape,2
The First Hostage (J.B. Collins #2),25.85,Three,In stock,Fiction,Books to Scrape,3
The Dovekeepers,48.78,One,In stock,Add a comment,Books to Scrape,1
The Darkest Lie,35.35,Five,In stock,Young Adult,Books to Scrape,5
The Bane Chronicles (The Bane Chronicles #1-11),44.73,Four,In stock,Fantasy,Books to Scrape,4
The Bad-Ass Librarians of Timbuktu: And Their Race to Save the World’s Most Precious Manuscripts,15.77,One,In stock,Nonfiction,Books to Scrape,1
The 14th Colony (Cotton Malone #11),39.24,One,In stock,Thriller,Books to Scrape,1
That Darkness (Gardiner and Renner #1),13.92,One,In stock,Mystery,Books to Scrape,1
Tastes Like Fear (DI Marnie Rome #3),10.69,One,In stock,Mystery,Books to Scrape,1
Take Me with You,45.21,Three,In stock,Fiction,Books to Scrape,3
Swell: A Year of Waves,45.58,One,In stock,Nonfiction,Books to Scrape,1
Superman Vol. 1: Before Truth (Superman by Gene Luen Yang #1),11.89,Five,In stock,Sequential Art,Books to Scrape,5
Still Life with Bread Crumbs,26.41,Three,In stock,Fiction,Books to Scrape,3
Steve Jobs,39.5,Five,In stock,Default,Books to Scrape,5
Sorting the Beef from the Bull: The Science of Food Fraud Forensics,44.74,Four,In stock,Science,Books to Scrape,4
Someone Like You (The Harrisons #2),52.79,Five,In stock,Contemporary,Books to Scrape,5
"So Cute It Hurts!!, Vol. 6 (So Cute It Hurts!! #6)",35.43,Four,In stock,Sequential Art,Books to Scrape,4
Shtum,55.84,Four,In stock,Fiction,Books to Scrape,4
See America: A Celebration of Our National Parks & Treasured Sites,48.87,Three,In stock,Travel,Books to Scrape,3
salt.,46.78,Four,In stock,Poetry,Books to Scrape,4
Robin War,47.82,Three,In stock,Sequential Art,Books to Scrape,3
"Red Hood/Arsenal, Vol. 1: Open for Business (Red Hood/Arsenal #1)",25.48,Two,In stock,Sequential Art,Books to Scrape,2
Rain Fish,23.57,Three,In stock,Childrens,Books to Scrape,3
"Quarter Life Poetry: Poems for the Young, Broke and Hangry",50.89,Five,In stock,Poetry,Books to Scrape,5
Pet Sematary,10.56,Three,In stock,Horror,Books to Scrape,3
"Overload: How to Unplug, Unwind, and Unleash Yourself from the Pressure of Stress",52.15,Three,In stock,Self Help,Books to Scrape,3
Once Was a Time,18.28,Two,In stock,Childrens,Books to Scrape,2
Old School (Diary of a Wimpy Kid #10),11.83,Five,In stock,Humor,Books to Scrape,5
No Dream Is Too High: Life Lessons From a Man Who Walked on the Moon,21.95,Two,In stock,Nonfiction,Books to Scrape,2
"Naruto (3-in-1 Edition), Vol. 14: Includes Vols. 40, 41 & 42 (Naruto: Omnibus #14)",38.39,Two,In stock,Sequential Art,Books to Scrape,2
My Name Is Lucy Barton,41.56,One,In stock,Fiction,Books to Scrape,1
My Mrs. Brown,24.48,Three,In stock,Fiction,Books to Scrape,3
My Kind of Crazy,40.36,One,In stock,Young Adult,Books to Scrape,1
Mr. Mercedes (Bill Hodges Trilogy #1),28.9,One,In stock,Fiction,Books to Scrape,1
More Than Music (Chasing the Dream #1),37.61,Two,In stock,Add a comment,Books to Scrape,2
Made to Stick: Why Some Ideas Survive and Others Die,38.85,Five,In stock,Business,Books to Scrape,5
Luis Paints the World,53.95,Three,In stock,Childrens,Books to Scrape,3
Luckiest Girl Alive,49.83,Three,In stock,Default,Books to Scrape,3
Lowriders to the Center of the Earth (Lowriders in Space #2),51.51,Two,In stock,Sequential Art,Books to Scrape,2
Love Is a Mix Tape (Music #1),18.03,One,In stock,Music,Books to Scrape,1
Looking for Lovely: Collecting the Moments that Matter,29.14,Five,In stock,Nonfiction,Books to Scrape,5
"Living Leadership by Insight: A Good Leader Achieves, a Great Leader Builds Monuments",46.91,Four,In stock,Default,Books to Scrape,4
Let It Out: A Journey Through Journaling,26.79,Five,In stock,Nonfiction,Books to Scrape,5
Lady Midnight (The Dark Artifices #1),16.28,Five,In stock,Default,Books to Scrape,5
"It's All Easy: Healthy, Delicious Weeknight Meals in under 30 Minutes",19.55,One,In stock,Food and Drink,Books to Scrape,1
Island of Dragons (Unwanteds #7),29.65,One,In stock,Fantasy,Books to Scrape,1
I Know What I'm Doing -- and Other Lies I Tell Myself: Dispatches from a Life Under Construction,25.98,Four,In stock,Humor,Books to Scrape,4
I Am Pilgrim (Pilgrim #1),10.6,Four,In stock,Fiction,Books to Scrape,4
"Hyperbole and a Half: Unfortunate Situations, Flawed Coping Mechanisms, Mayhem, and Other Things That Happened",14.75,Five,In stock,Humor,Books to Scrape,5
"Hush, Hush (Hush, Hush #1)",47.02,Three,In stock,Default,Books to Scrape,3
Hold Your Breath (Search and Rescue #1),28.82,One,In stock,Romance,Books to Scrape,1
Hamilton: The Revolution,58.79,Three,In stock,Nonfiction,Books to Scrape,3
Greek Mythic History,10.23,Five,In stock,Default,Books to Scrape,5
God: The Most Unpleasant Character in All Fiction,30.03,Five,In stock,Religion,Books to Scrape,5
Glory over Everything: Beyond The Kitchen House,45.84,Three,In stock,Historical Fiction,Books to Scrape,3
Feathers: Displays of Brilliant Plumage,49.05,Three,In stock,Art,Books to Scrape,3
"Far & Away: Places on the Brink of Change: Seven Continents, Twenty-Five Years",15.06,Four,In stock,Nonfiction,Books to Scrape,4
Every Last Word,46.47,Three,In stock,Default,Books to Scrape,3
Eligible (The Austen Project #4),27.09,Three,In stock,Fiction,Books to Scrape,3
El Deafo,57.62,Five,In stock,Sequential Art,Books to Scrape,5
Eight Hundred Grapes,14.39,Four,In stock,Fiction,Books to Scrape,4
"Eaternity: More than 150 Deliciously Easy Vegan Recipes for a Long, Healthy, Satisfied, Joyful Life",51.75,Five,In stock,Nonfiction,Books to Scrape,5
"Eat Fat, Get Thin",54.07,Two,In stock,Health,Books to Scrape,2
Don't Get Caught,55.35,One,In stock,Young Adult,Books to Scrape,1
Doctor Sleep (The Shining #2),40.12,Two,In stock,Horror,Books to Scrape,2
Demigods & Magicians: Percy and Annabeth Meet the Kanes (Percy Jackson & Kane Chronicles Crossover #1-3),37.51,Five,In stock,Fantasy,Books to Scrape,5
Dear Mr. Knightley,11.21,Five,In stock,Fiction,Books to Scrape,5
Daily Fantasy Sports,36.58,One,In stock,Default,Books to Scrape,1
Crazy Love: Overwhelmed by a Relentless God,47.72,Two,In stock,Christian,Books to Scrape,2
Cometh the Hour (The Clifton Chronicles #6),25.01,Three,In stock,Fiction,Books to Scrape,3
Code Name Verity (Code Name Verity #1),22.13,Four,In stock,Add a comment,Books to Scrape,4
Clockwork Angel (The Infernal Devices #1),44.14,One,In stock,Default,Books to Scrape,1
City of Glass (The Mortal Instruments #3),56.02,Four,In stock,Fantasy,Books to Scrape,4
City of Fallen Angels (The Mortal Instruments #4),11.23,Four,In stock,Default,Books to Scrape,4
City of Bones (The Mortal Instruments #1),43.28,One,In stock,Default,Books to Scrape,1
City of Ashes (The Mortal Instruments #2),47.27,One,In stock,Default,Books to Scrape,1
Cell,20.29,Four,In stock,Add a comment,Books to Scrape,4
Catching Jordan (Hundred Oaks),50.83,Three,In stock,Young Adult,Books to Scrape,3
"Carry On, Warrior: Thoughts on Life Unarmed",31.85,Three,In stock,Default,Books to Scrape,3
Carrie,46.23,Two,In stock,Default,Books to Scrape,2
Buying In: The Secret Dialogue Between What We Buy and Who We Are,37.8,Four,In stock,Nonfiction,Books to Scrape,4
Brain on Fire: My Month of Madness,49.32,Five,In stock,Nonfiction,Books to Scrape,5
Batman: Europa,32.01,Two,In stock,Sequential Art,Books to Scrape,2
Barefoot Contessa Back to Basics,28.01,One,In stock,Food and Drink,Books to Scrape,1
Barefoot Contessa at Home: Everyday Recipes You'll Make Over and Over Again,50.62,Five,In stock,Food and Drink,Books to Scrape,5
Balloon Animals,17.03,Three,In stock,Fiction,Books to Scrape,3
Art Ops Vol. 1,48.8,Three,In stock,Sequential Art,Books to Scrape,3
Aristotle and Dante Discover the Secrets of the Universe (Aristotle and Dante Discover the Secrets of the Universe #1),58.14,Four,In stock,Young Adult,Books to Scrape,4
Angels Walking (Angels Walking #1),34.2,Two,In stock,Add a comment,Books to Scrape,2
Angels & Demons (Robert Langdon #1),51.48,Three,In stock,Default,Books to Scrape,3
All the Light We Cannot See,29.87,Five,In stock,Historical,Books to Scrape,5
"Adulthood Is a Myth: A ""Sarah's Scribbles"" Collection",10.9,Two,In stock,Sequential Art,Books to Scrape,2
Abstract City,56.37,Five,In stock,Nonfiction,Books to Scrape,5
A Time of Torment (Charlie Parker #14),48.35,Five,In stock,Mystery,Books to Scrape,5
A Study in Scarlet (Sherlock Holmes #1),16.73,Two,In stock,Mystery,Books to Scrape,2
"A Series of Catastrophes and Miracles: A True Story of Love, Science, and Cancer",56.48,Two,In stock,Add a comment,Books to Scrape,2
A People's History of the United States,40.79,Two,In stock,Add a comment,Books to Scrape,2
A Man Called Ove,39.72,One,In stock,Fiction,Books to Scrape,1
A Distant Mirror: The Calamitous 14th Century,14.58,Three,In stock,History,Books to Scrape,3
A Brush of Wings (Angels Walking #3),55.51,One,In stock,Add a comment,Books to Scrape,1
1491: New Revelations of the Americas Before Columbus,21.8,Three,In stock,History,Books to Scrape,3
"The Three Searches, Meaning, and the Story",13.33,Three,In stock,Default,Books to Scrape,3
Searching for Meaning in Gailana,38.73,One,In stock,Fantasy,Books to Scrape,1
Rook,37.86,Four,In stock,Add a comment,Books to Scrape,4
My Kitchen Year: 136 Recipes That Saved My Life,11.53,Two,In stock,Food and Drink,Books to Scrape,2
13 Hours: The Inside Account of What Really Happened In Benghazi,27.06,One,In stock,Nonfiction,Books to Scrape,1
Will You Won't You Want Me?,13.86,Three,In stock,Womens Fiction,Books to Scrape,3
Tipping Point for Planet Earth: How Close Are We to the Edge?,37.55,One,In stock,Science,Books to Scrape,1
The Star-Touched Queen,32.3,Five,In stock,Fantasy,Books to Scrape,5
The Silent Sister (Riley MacPherson #1),46.29,Five,In stock,Fiction,Books to Scrape,5
The Midnight Watch: A Novel of the Titanic and the Californian,26.2,One,In stock,Add a comment,Books to Scrape,1
The Lonely City: Adventures in the Art of Being Alone,33.26,Two,In stock,Nonfiction,Books to Scrape,2
The Gray Rhino: How to Recognize and Act on the Obvious Dangers We Ignore,59.15,Four,In stock,Add a comment,Books to Scrape,4
The Golden Condom: And Other Essays on Love Lost and Found,39.43,One,In stock,Psychology,Books to Scrape,1
The Epidemic (The Program 0.6),14.44,Five,In stock,Young Adult,Books to Scrape,5
The Dinner Party,56.54,Two,In stock,Fiction,Books to Scrape,2
The Diary of a Young Girl,59.9,Three,In stock,Nonfiction,Books to Scrape,3
The Children,11.88,Three,In stock,Add a comment,Books to Scrape,3
Stars Above (The Lunar Chronicles #4.5),48.05,Two,In stock,Young Adult,Books to Scrape,2
Snatched: How A Drug Queen Went Undercover for the DEA and Was Kidnapped By Colombian Guerillas,21.21,Three,In stock,Nonfiction,Books to Scrape,3
Raspberry Pi Electronics Projects for the Evil Genius,49.67,Four,In stock,Default,Books to Scrape,4
Quench Your Own Thirst: Business Lessons Learned Over a Beer or Two,43.14,One,In stock,Business,Books to Scrape,1
Psycho: Sanitarium (Psycho #1.5),36.97,Five,In stock,Horror,Books to Scrape,5
Poisonous (Max Revere Novels #3),26.8,Three,In stock,Mystery,Books to Scrape,3
One with You (Crossfire #5),15.71,Four,In stock,Add a comment,Books to Scrape,4
No Love Allowed (Dodge Cove #1),54.65,Four,In stock,Young Adult,Books to Scrape,4
Murder at the 42nd Street Library (Raymond Ambler #1),54.36,Four,In stock,Mystery,Books to Scrape,4
Most Wanted,35.28,Three,In stock,Mystery,Books to Scrape,3
"Love, Lies and Spies",20.55,Two,In stock,Historical Fiction,Books to Scrape,2
How to Speak Golf: An Illustrated Guide to Links Lingo,58.32,Five,In stock,Default,Books to Scrape,5
Hide Away (Eve Duncan #20),11.84,One,In stock,Mystery,Books to Scrape,1
Furiously Happy: A Funny Book About Horrible Things,41.46,Four,In stock,Nonfiction,Books to Scrape,4
Everyday Italian: 125 Simple and Delicious Recipes,20.1,Five,In stock,Food and Drink,Books to Scrape,5
Equal Is Unfair: America's Misguided Fight Against Income Inequality,56.86,One,In stock,Politics,Books to Scrape,1
Eleanor & Park,56.51,Five,In stock,Default,Books to Scrape,5
Dirty (Dive Bar #1),40.83,Four,In stock,Romance,Books to Scrape,4
Can You Keep a Secret? (Fear Street Relaunch #4),48.64,One,In stock,Horror,Books to Scrape,1
Boar Island (Anna Pigeon #19),59.48,Three,In stock,Mystery,Books to Scrape,3
A Paris Apartment,39.01,Four,In stock,Historical Fiction,Books to Scrape,4
"A la Mode: 120 Recipes in 60 Pairings: Pies, Tarts, Cakes, Crisps, and More Topped with Ice Cream, Gelato, Frozen Custard, and More",38.77,One,In stock,Food and Drink,Books to Scrape,1
Troublemaker: Surviving Hollywood and Scientology,48.39,Two,In stock,Default,Books to Scrape,2
The Widow,27.26,Two,In stock,Mystery,Books to Scrape,2
"The Sleep Revolution: Transforming Your Life, One Night at a Time",11.68,Four,In stock,Nonfiction,Books to Scrape,4
The Improbability of Love,59.45,One,In stock,Fiction,Books to Scrape,1
The Art of Startup Fundraising,21.0,Three,In stock,Business,Books to Scrape,3
Take Me Home Tonight (Rock Star Romance #3),53.98,Three,In stock,Romance,Books to Scrape,3
Sleeping Giants (Themis Files #1),48.74,One,In stock,Science Fiction,Books to Scrape,1
"Setting the World on Fire: The Brief, Astonishing Life of St. Catherine of Siena",21.15,Two,In stock,Biography,Books to Scrape,2
Playing with Fire,13.71,Three,In stock,Mystery,Books to Scrape,3
Off the Hook (Fishing for Trouble #1),47.67,Three,In stock,Romance,Books to Scrape,3
Mothering Sunday,13.34,Two,In stock,Fiction,Books to Scrape,2
"Mother, Can You Not?",16.89,Five,In stock,Nonfiction,Books to Scrape,5
M Train,27.18,One,In stock,Autobiography,Books to Scrape,1
Lilac Girls,17.28,Two,In stock,Historical Fiction,Books to Scrape,2
Lies and Other Acts of Love,45.14,One,In stock,Fiction,Books to Scrape,1
Lab Girl,40.85,One,In stock,Autobiography,Books to Scrape,1
Keep Me Posted,20.46,Four,In stock,Womens Fiction,Books to Scrape,4
It Didn't Start with You: How Inherited Family Trauma Shapes Who We Are and How to End the Cycle,56.27,Three,In stock,Psychology,Books to Scrape,3
Grey (Fifty Shades #4),48.49,Four,In stock,Womens Fiction,Books to Scrape,4
"Exit, Pursued by a Bear",51.34,Four,In stock,Young Adult,Books to Scrape,4
Daredevils,16.34,Three,In stock,Fiction,Books to Scrape,3
Cravings: Recipes for What You Want to Eat,20.5,Three,In stock,Food and Drink,Books to Scrape,3
Born for This: How to Find the Work You Were Meant to Do,21.59,Five,In stock,Business,Books to Scrape,5
Arena,21.36,Four,In stock,Science Fiction,Books to Scrape,4
Adultery,20.88,Five,In stock,Default,Books to Scrape,5
A Mother's Reckoning: Living in the Aftermath of Tragedy,19.53,Three,In stock,Nonfiction,Books to Scrape,3
A Gentleman's Position (Society of Gentlemen #3),14.75,Five,In stock,Romance,Books to Scrape,5
11/22/63,48.48,Three,In stock,Fiction,Books to Scrape,3
"10% Happier: How I Tamed the Voice in My Head, Reduced Stress Without Losing My Edge, and Found Self-Help That Actually Works",24.57,Two,In stock,Nonfiction,Books to Scrape,2
10-Day Green Smoothie Cleanse: Lose Up to 15 Pounds in 10 Days!,49.71,Five,In stock,Health,Books to Scrape,5
Without Shame,48.27,Five,In stock,Add a comment,Books to Scrape,5
Watchmen,58.05,Four,In stock,Add a comment,Books to Scrape,4
Unlimited Intuition Now,58.87,Four,In stock,Default,Books to Scrape,4
Underlying Notes,11.82,Two,In stock,Default,Books to Scrape,2
The Shack,28.03,One,In stock,Fiction,Books to Scrape,1
The New Brand You: Your New Image Makes the Sale for You,44.05,Five,In stock,Default,Books to Scrape,5
"The Moosewood Cookbook: Recipes from Moosewood Restaurant, Ithaca, New York",12.34,Four,In stock,Food and Drink,Books to Scrape,4
The Flowers Lied,16.68,Two,In stock,Default,Books to Scrape,2
"The Fabric of the Cosmos: Space, Time, and the Texture of Reality",55.91,One,In stock,Science,Books to Scrape,1
The Book of Mormon,24.57,Three,In stock,Religion,Books to Scrape,3
The Art and Science of Low Carbohydrate Living,52.98,Five,In stock,Health,Books to Scrape,5
The Alien Club,54.4,One,In stock,Young Adult,Books to Scrape,1
Suzie Snowflake: One beautiful flake (a self-esteem story),54.81,Five,In stock,Novels,Books to Scrape,5
Nap-a-Roo,25.08,One,In stock,Childrens,Books to Scrape,1
"NaNo What Now? Finding your editing process, revising your NaNoWriMo book and building a writing career through publishing and beyond",10.41,Four,In stock,Default,Books to Scrape,4
Modern Day Fables,47.44,Two,In stock,Default,Books to Scrape,2
If I Gave You God's Phone Number....: Searching for Spirituality in America,20.91,One,In stock,Spirituality,Books to Scrape,1
"Fruits Basket, Vol. 9 (Fruits Basket #9)",33.95,Four,In stock,Sequential Art,Books to Scrape,4
Dress Your Family in Corduroy and Denim,43.68,Three,In stock,Humor,Books to Scrape,3
Don't Forget Steven,33.23,One,In stock,Young Adult,Books to Scrape,1
Chernobyl 01:23:40: The Incredible True Story of the World's Worst Nuclear Disaster,35.92,Two,In stock,Nonfiction,Books to Scrape,2
Art and Fear: Observations on the Perils (and Rewards) of Artmaking,48.63,Four,In stock,Art,Books to Scrape,4
A Shard of Ice (The Black Symphony Saga #1),56.63,Three,In stock,Fantasy,Books to Scrape,3
A Hero's Curse (The Unseen Chronicles #1),50.49,Three,In stock,Add a comment,Books to Scrape,3
23 Degrees South: A Tropical Tale of Changing Whether...,35.79,Two,In stock,Add a comment,Books to Scrape,2
"Zero to One: Notes on Startups, or How to Build the Future",34.06,Three,In stock,Nonfiction,Books to Scrape,3
Why Not Me?,17.76,One,In stock,Nonfiction,Books to Scrape,1
When Breath Becomes Air,39.36,Two,In stock,Nonfiction,Books to Scrape,2
Vagabonding: An Uncommon Guide to the Art of Long-Term World Travel,36.94,Two,In stock,Travel,Books to Scrape,2
The Unlikely Pilgrimage of Harold Fry (Harold Fry #1),43.62,Five,In stock,Default,Books to Scrape,5
The New Drawing on the Right Side of the Brain,43.02,Three,In stock,Art,Books to Scrape,3
"The Midnight Assassin: Panic, Scandal, and the Hunt for America's First Serial Killer",28.45,Four,In stock,Nonfiction,Books to Scrape,4
The Martian (The Martian #1),41.39,Two,In stock,Default,Books to Scrape,2
The High Mountains of Portugal,51.15,One,In stock,Fiction,Books to Scrape,1
The Grownup,35.88,One,In stock,Short Stories,Books to Scrape,1
The E-Myth Revisited: Why Most Small Businesses Don't Work and What to Do About It,36.91,One,In stock,Business,Books to Scrape,1
South of Sunshine,28.93,One,In stock,Young Adult,Books to Scrape,1
Smarter Faster Better: The Secrets of Being Productive in Life and Business,38.89,Five,In stock,Nonfiction,Books to Scrape,5
Silence in the Dark (Logan Point #4),58.33,Three,In stock,Suspense,Books to Scrape,3
Shadows of the Past (Logan Point #1),39.67,Five,In stock,Christian Fiction,Books to Scrape,5
Roller Girl,14.1,Five,In stock,Sequential Art,Books to Scrape,5
Rising Strong,21.82,Three,In stock,Nonfiction,Books to Scrape,3
Proofs of God: Classical Arguments from Tertullian to Barth,54.21,One,In stock,Philosophy,Books to Scrape,1
Please Kill Me: The Uncensored Oral History of Punk,31.19,Four,In stock,Music,Books to Scrape,4
Out of Print: City Lights Spotlight No. 14,53.64,Five,In stock,Poetry,Books to Scrape,5
My Life Next Door (My Life Next Door ),36.39,Five,In stock,Young Adult,Books to Scrape,5
Miller's Valley,58.54,Two,In stock,Fiction,Books to Scrape,2
Man's Search for Meaning,29.48,Three,In stock,Nonfiction,Books to Scrape,3
"Love That Boy: What Two Presidents, Eight Road Trips, and My Son Taught Me About a Parent's Expectations",25.06,Two,In stock,Nonfiction,Books to Scrape,2
Living Forward: A Proven Plan to Stop Drifting and Get the Life You Want,12.55,Three,In stock,Nonfiction,Books to Scrape,3
Les Fleurs du Mal,29.04,Five,In stock,Poetry,Books to Scrape,5
Left Behind (Left Behind #1),40.72,Two,In stock,Default,Books to Scrape,2
Kill 'Em and Leave: Searching for James Brown and the American Soul,45.05,Five,In stock,Music,Books to Scrape,5
Kierkegaard: A Christian Missionary to Christians,47.13,One,In stock,Philosophy,Books to Scrape,1
John Vassos: Industrial Design for Modern Life,20.22,Four,In stock,Default,Books to Scrape,4
I'll Give You the Sun,56.48,One,In stock,Default,Books to Scrape,1
I Will Find You,44.21,One,In stock,Nonfiction,Books to Scrape,1
Hystopia: A Novel,21.96,Four,In stock,Fiction,Books to Scrape,4
Howl and Other Poems,40.45,Two,In stock,Poetry,Books to Scrape,2
History of Beauty,10.29,Four,In stock,Art,Books to Scrape,4
Heaven is for Real: A Little Boy's Astounding Story of His Trip to Heaven and Back,52.86,Two,In stock,Default,Books to Scrape,2
Future Shock (Future Shock #1),55.65,Five,In stock,Young Adult,Books to Scrape,5
Ender's Game (The Ender Quintet #1),43.64,One,In stock,Default,Books to Scrape,1
Diary of a Citizen Scientist: Chasing Tiger Beetles and Other New Ways of Engaging the World,28.41,One,In stock,Science,Books to Scrape,1
Death by Leisure: A Cautionary Tale,37.51,Four,In stock,Default,Books to Scrape,4
Brilliant Beacons: A History of the American Lighthouse,11.45,Three,In stock,History,Books to Scrape,3
Brazen: The Courage to Find the You That's Been Hiding,19.22,Two,In stock,Nonfiction,Books to Scrape,2
Between the World and Me,56.91,Four,In stock,Nonfiction,Books to Scrape,4
Being Mortal: Medicine and What Matters in the End,55.06,Four,In stock,Nonfiction,Books to Scrape,4
"A Murder Over a Girl: Justice, Gender, Junior High",13.2,Three,In stock,Nonfiction,Books to Scrape,3
32 Yolks,53.63,Two,In stock,Food and Drink,Books to Scrape,2
"""Most Blessed of the Patriarchs"": Thomas Jefferson and the Empire of the Imagination",44.48,Five,In stock,History,Books to Scrape,5
You Are a Badass: How to Stop Doubting Your Greatness and Start Living an Awesome Life,12.08,Three,In stock,Self Help,Books to Scrape,3
Wildlife of New York: A Five-Borough Coloring Book,22.14,Two,In stock,Default,Books to Scrape,2
What Happened on Beale Street (Secrets of the South Mysteries #2),25.37,Five,In stock,Mystery,Books to Scrape,5
Unreasonable Hope: Finding Faith in the God Who Brings Purpose to Your Pain,46.33,Two,In stock,Spirituality,Books to Scrape,2
Under the Tuscan Sun,37.33,Three,In stock,Travel,Books to Scrape,3
Toddlers Are A**holes: It's Not Your Fault,25.55,One,In stock,Humor,Books to Scrape,1
The Year of Living Biblically: One Man's Humble Quest to Follow the Bible as Literally as Possible,34.72,One,In stock,Default,Books to Scrape,1
The Whale,35.96,Four,In stock,Childrens,Books to Scrape,4
The Story of Art,41.14,Four,In stock,Art,Books to Scrape,4
The Origin of Species,10.01,Four,In stock,Science,Books to Scrape,4
The Great Gatsby,36.05,Four,In stock,Default,Books to Scrape,4
The Good Girl,49.03,Three,In stock,Default,Books to Scrape,3
The Glass Castle,16.24,One,In stock,Add a comment,Books to Scrape,1
The Faith of Christopher Hitchens: The Restless Soul of the World's Most Notorious Atheist,39.55,One,In stock,Biography,Books to Scrape,1
The Drowning Girls,35.67,Three,In stock,Add a comment,Books to Scrape,3
The Constant Princess (The Tudor Court #1),16.62,Three,In stock,Historical Fiction,Books to Scrape,3
The Bourne Identity (Jason Bourne #1),42.78,Four,In stock,Fiction,Books to Scrape,4
The Bachelor Girl's Guide to Murder (Herringford and Watts Mysteries #1),52.3,Five,In stock,Mystery,Books to Scrape,5
The Art Book,32.34,Two,In stock,Art,Books to Scrape,2
The 7 Habits of Highly Effective People: Powerful Lessons in Personal Change,33.17,Four,In stock,Default,Books to Scrape,4
Team of Rivals: The Political Genius of Abraham Lincoln,20.12,Five,In stock,Add a comment,Books to Scrape,5
Steal Like an Artist: 10 Things Nobody Told You About Being Creative,20.9,Two,In stock,Default,Books to Scrape,2
"Sit, Stay, Love",20.9,Three,In stock,Romance,Books to Scrape,3
Sister Dear,40.2,Four,In stock,Fiction,Books to Scrape,4
"Shrunken Treasures: Literary Classics, Short, Sweet, and Silly",52.87,Three,In stock,Childrens,Books to Scrape,3
"Rich Dad, Poor Dad",51.74,One,In stock,Business,Books to Scrape,1
Raymie Nightingale,34.41,Two,In stock,Childrens,Books to Scrape,2
Playing from the Heart,32.38,One,In stock,Childrens,Books to Scrape,1
Nightstruck: A Novel,50.35,Four,In stock,Young Adult,Books to Scrape,4
"Naturally Lean: 125 Nourishing Gluten-Free, Plant-Based Recipes--All Under 300 Calories",11.38,Five,In stock,Food and Drink,Books to Scrape,5
Meternity,43.58,Three,In stock,Womens Fiction,Books to Scrape,3
Memoirs of a Geisha,49.67,Three,In stock,Fiction,Books to Scrape,3
Like Never Before (Walker Family #2),28.77,Two,In stock,Christian Fiction,Books to Scrape,2
Life of Pi,13.22,Four,In stock,Default,Books to Scrape,4
Leave This Song Behind: Teen Poetry at Its Best,51.17,Five,In stock,Poetry,Books to Scrape,5
King's Folly (The Kinsman Chronicles #1),39.61,Five,In stock,Fantasy,Books to Scrape,5
John Adams,57.43,Four,In stock,Add a comment,Books to Scrape,4
How to Cook Everything Vegetarian: Simple Meatless Recipes for Great Food (How to Cook Everything),46.01,Four,In stock,Food and Drink,Books to Scrape,4
How to Be a Domestic Goddess: Baking and the Art of Comfort Cooking,28.25,Two,In stock,Food and Drink,Books to Scrape,2
Good in Bed (Cannie Shapiro #1),37.05,Five,In stock,Add a comment,Books to Scrape,5
"Fruits Basket, Vol. 7 (Fruits Basket #7)",19.57,One,In stock,Sequential Art,Books to Scrape,1
For the Love: Fighting for Grace in a World of Impossible Standards,45.13,Three,In stock,Nonfiction,Books to Scrape,3
Finding God in the Ruins: How God Redeems Pain,46.64,Two,In stock,Nonfiction,Books to Scrape,2
Every Heart a Doorway (Every Heart A Doorway #1),12.16,Five,In stock,Fantasy,Books to Scrape,5
Delivering the Truth (Quaker Midwife Mystery #1),20.89,Four,In stock,Mystery,Books to Scrape,4
Counted With the Stars (Out from Egypt #1),17.97,Five,In stock,Christian Fiction,Books to Scrape,5
"Chronicles, Vol. 1",52.6,Two,In stock,Music,Books to Scrape,2
Blue Like Jazz: Nonreligious Thoughts on Christian Spirituality,25.77,One,In stock,Christian,Books to Scrape,1
Benjamin Franklin: An American Life,48.19,Three,In stock,Biography,Books to Scrape,3
"At The Existentialist Café: Freedom, Being, and apricot cocktails with: Jean-Paul Sartre, Simone de Beauvoir, Albert Camus, Martin Heidegger, Edmund Husserl, Karl Jaspers, Maurice Merleau-Ponty and others",29.93,Five,In stock,Philosophy,Books to Scrape,5
A Summer In Europe,44.34,Two,In stock,Travel,Books to Scrape,2
A Short History of Nearly Everything,52.4,Five,In stock,History,Books to Scrape,5
A Gathering of Shadows (Shades of Magic #2),44.81,Four,In stock,Fantasy,Books to Scrape,4
The Sound Of Love,57.84,Five,In stock,Default,Books to Scrape,5
The Rise and Fall of the Third Reich: A History of Nazi Germany,39.67,Two,In stock,History,Books to Scrape,2
The Perks of Being a Wallflower,55.02,Three,In stock,Default,Books to Scrape,3
The Mysterious Affair at Styles (Hercule Poirot #1),24.8,Four,In stock,Mystery,Books to Scrape,4
The Man Who Mistook His Wife for a Hat and Other Clinical Tales,59.45,Four,In stock,Nonfiction,Books to Scrape,4
The Makings of a Fatherless Child,31.58,Two,In stock,Default,Books to Scrape,2
The Joy of Cooking,43.27,Four,In stock,Add a comment,Books to Scrape,4
The Invention of Wings,37.34,One,In stock,Historical Fiction,Books to Scrape,1
The Hobbit (Middle-Earth Universe),17.8,Five,In stock,Default,Books to Scrape,5
The Great Railway Bazaar,30.54,One,In stock,Travel,Books to Scrape,1
The Golden Compass (His Dark Materials #1),18.77,One,In stock,Add a comment,Books to Scrape,1
The God Delusion,46.85,Three,In stock,Add a comment,Books to Scrape,3
The Girl You Left Behind (The Girl You Left Behind #1),15.79,One,In stock,Historical,Books to Scrape,1
The Fellowship of the Ring (The Lord of the Rings #1),10.27,Two,In stock,Default,Books to Scrape,2
The Collected Poems of W.B. Yeats (The Collected Works of W.B. Yeats #1),15.42,Five,In stock,Poetry,Books to Scrape,5
The Barefoot Contessa Cookbook,59.92,Five,In stock,Food and Drink,Books to Scrape,5
Tell the Wolves I'm Home,50.96,Two,In stock,Young Adult,Books to Scrape,2
Ship Leaves Harbor: Essays on Travel by a Recovering Journeyman,30.6,Three,In stock,Default,Books to Scrape,3
Pride and Prejudice,19.27,Four,In stock,Add a comment,Books to Scrape,4
Musicophilia: Tales of Music and the Brain,46.58,One,In stock,Default,Books to Scrape,1
Mere Christianity,48.51,Three,In stock,Add a comment,Books to Scrape,3
Me Before You (Me Before You #1),19.02,One,In stock,Fiction,Books to Scrape,1
In the Woods (Dublin Murder Squad #1),38.38,Two,In stock,Mystery,Books to Scrape,2
In Cold Blood,49.98,Four,In stock,Nonfiction,Books to Scrape,4
How to Stop Worrying and Start Living,46.49,Five,In stock,Self Help,Books to Scrape,5
Give It Back,18.32,Two,In stock,Thriller,Books to Scrape,2
"Girl, Interrupted",42.14,Three,In stock,Nonfiction,Books to Scrape,3
Fun Home: A Family Tragicomic,56.59,Four,In stock,Add a comment,Books to Scrape,4
"Fruits Basket, Vol. 6 (Fruits Basket #6)",20.96,Four,In stock,Sequential Art,Books to Scrape,4
Deception Point,40.32,Four,In stock,Fiction,Books to Scrape,4
"Death Note, Vol. 6: Give-and-Take (Death Note #6)",36.39,Three,In stock,Sequential Art,Books to Scrape,3
Catherine the Great: Portrait of a Woman,58.55,Four,In stock,History,Books to Scrape,4
Better Homes and Gardens New Cook Book,39.61,Three,In stock,Food and Drink,Books to Scrape,3
An Unquiet Mind: A Memoir of Moods and Madness,21.3,Three,In stock,Psychology,Books to Scrape,3
A Year in Provence (Provence #1),56.88,Four,In stock,Travel,Books to Scrape,4
World Without End (The Pillars of the Earth #2),32.97,Four,In stock,Historical Fiction,Books to Scrape,4
"Will Grayson, Will Grayson (Will Grayson, Will Grayson)",47.31,Four,In stock,Young Adult,Books to Scrape,4
Why Save the Bankers?: And Other Essays on Our Economic and Political Crisis,48.67,Two,In stock,Nonfiction,Books to Scrape,2
Where She Went (If I Stay #2),41.73,Four,In stock,Young Adult,Books to Scrape,4
What If?: Serious Scientific Answers to Absurd Hypothetical Questions,53.68,Four,In stock,Default,Books to Scrape,4
Two Summers,14.64,One,In stock,Young Adult,Books to Scrape,1
This Is Your Brain on Music: The Science of a Human Obsession,38.4,One,In stock,Music,Books to Scrape,1
The Secret Garden,15.08,Four,In stock,Classics,Books to Scrape,4
The Raven King (The Raven Cycle #4),30.57,Two,In stock,Add a comment,Books to Scrape,2
The Raven Boys (The Raven Cycle #1),57.74,Four,In stock,Fantasy,Books to Scrape,4
The Power Greens Cookbook: 140 Delicious Superfood Recipes,11.05,Five,In stock,Food and Drink,Books to Scrape,5
The Metamorphosis,28.58,One,In stock,Classics,Books to Scrape,1
The Mathews Men: Seven Brothers and the War Against Hitler's U-boats,42.91,Five,In stock,History,Books to Scrape,5
The Little Paris Bookshop,24.73,Three,In stock,Fiction,Books to Scrape,3
The Hiding Place,55.91,Four,In stock,History,Books to Scrape,4
The Grand Design,13.76,Three,In stock,Science,Books to Scrape,3
The Firm,45.56,Three,In stock,Fiction,Books to Scrape,3
The Fault in Our Stars,47.22,One,In stock,Default,Books to Scrape,1
The False Prince (The Ascendance Trilogy #1),56.0,Five,In stock,Fantasy,Books to Scrape,5
The Expatriates,44.58,Two,In stock,Fiction,Books to Scrape,2
The Dream Thieves (The Raven Cycle #2),34.5,One,In stock,Default,Books to Scrape,1
The Darkest Corners,11.33,Five,In stock,Young Adult,Books to Scrape,5
The Crossover,38.77,Four,In stock,Poetry,Books to Scrape,4
The 5th Wave (The 5th Wave #1),11.83,Two,In stock,Default,Books to Scrape,2
Tell the Wind and Fire,45.51,Three,In stock,Fantasy,Books to Scrape,3
Tell Me Three Things,41.81,One,In stock,Young Adult,Books to Scrape,1
Talking to Girls About Duran Duran: One Young Man's Quest for True Love and a Cooler Haircut,25.15,Four,In stock,Nonfiction,Books to Scrape,4
Siddhartha,34.22,Five,In stock,Fiction,Books to Scrape,5
Shiver (The Wolves of Mercy Falls #1),16.23,Five,In stock,Default,Books to Scrape,5
Remember Me?,11.48,Three,In stock,Default,Books to Scrape,3
Red Dragon (Hannibal Lecter #1),23.37,Three,In stock,Horror,Books to Scrape,3
Peak: Secrets from the New Science of Expertise,16.28,Two,In stock,Science,Books to Scrape,2
My Mother Was Nuts,31.63,Four,In stock,Nonfiction,Books to Scrape,4
Mexican Today: New and Rediscovered Recipes for Contemporary Kitchens,24.91,Five,In stock,Food and Drink,Books to Scrape,5
Maybe Something Beautiful: How Art Transformed a Neighborhood,22.54,One,In stock,Childrens,Books to Scrape,1
Lola and the Boy Next Door (Anna and the French Kiss #2),23.63,Four,In stock,Young Adult,Books to Scrape,4
Logan Kade (Fallen Crest High #5.5),13.12,Two,In stock,Academic,Books to Scrape,2
Last One Home (New Beginnings #1),59.98,Three,In stock,Fiction,Books to Scrape,3
Killing Floor (Jack Reacher #1),31.49,Four,In stock,Thriller,Books to Scrape,4
Kill the Boy Band,15.52,Five,In stock,Young Adult,Books to Scrape,5
Isla and the Happily Ever After (Anna and the French Kiss #3),48.13,Five,In stock,Young Adult,Books to Scrape,5
If I Stay (If I Stay #1),38.13,Five,In stock,Default,Books to Scrape,5
I Know Why the Caged Bird Sings (Maya Angelou's Autobiography #1),36.55,Two,In stock,Default,Books to Scrape,2
Harry Potter and the Deathly Hallows (Harry Potter #7),23.32,One,In stock,Default,Books to Scrape,1
"Fruits Basket, Vol. 5 (Fruits Basket #5)",16.33,One,In stock,Sequential Art,Books to Scrape,1
Foundation (Foundation (Publication Order) #1),32.42,One,In stock,Science Fiction,Books to Scrape,1
Fool Me Once,16.96,One,In stock,Default,Books to Scrape,1
Find Her (Detective D.D. Warren #8),22.37,One,In stock,Add a comment,Books to Scrape,1
Evicted: Poverty and Profit in the American City,42.27,One,In stock,Add a comment,Books to Scrape,1
Drama,38.7,Two,In stock,Default,Books to Scrape,2
Dracula the Un-Dead,35.63,Five,In stock,Horror,Books to Scrape,5
Digital Fortress,58.0,Five,In stock,Fiction,Books to Scrape,5
"Death Note, Vol. 5: Whiteout (Death Note #5)",52.41,One,In stock,Sequential Art,Books to Scrape,1
"Data, A Love Story: How I Gamed Online Dating to Meet My Match",32.35,Three,In stock,Nonfiction,Books to Scrape,3
Critique of Pure Reason,20.75,One,In stock,Philosophy,Books to Scrape,1
Booked,17.49,Five,In stock,Poetry,Books to Scrape,5
"Blue Lily, Lily Blue (The Raven Cycle #3)",34.13,Five,In stock,Default,Books to Scrape,5
Approval Junkie: Adventures in Caring Too Much,58.81,Five,In stock,Autobiography,Books to Scrape,5
An Abundance of Katherines,10.0,Five,In stock,Young Adult,Books to Scrape,5
America's War for the Greater Middle East: A Military History,51.22,Two,In stock,History,Books to Scrape,2
Alight (The Generations Trilogy #2),58.59,Four,In stock,Default,Books to Scrape,4
A Girl's Guide to Moving On (New Beginnings #2),31.3,One,In stock,Romance,Books to Scrape,1
A Game of Thrones (A Song of Ice and Fire #1),46.42,Two,In stock,Add a comment,Books to Scrape,2
A Feast for Crows (A Song of Ice and Fire #4),17.21,Four,In stock,Fantasy,Books to Scrape,4
A Clash of Kings (A Song of Ice and Fire #2),10.79,Three,In stock,Add a comment,Books to Scrape,3
Vogue Colors A to Z: A Fashion Coloring Book,52.35,Four,In stock,Default,Books to Scrape,4
The Shining (The Shining #1),27.88,Three,In stock,Default,Books to Scrape,3
The Pilgrim's Progress,50.26,Two,In stock,Classics,Books to Scrape,2
The Perfect Play (Play by Play #1),59.99,Three,In stock,Romance,Books to Scrape,3
The Passion of Dolssa,28.32,Five,In stock,Historical Fiction,Books to Scrape,5
The Jazz of Physics: The Secret Link Between Music and the Structure of the Universe,38.71,Three,In stock,Nonfiction,Books to Scrape,3
The Hunger Games (The Hunger Games #1),29.85,Five,In stock,Default,Books to Scrape,5
The Hound of the Baskervilles (Sherlock Holmes #5),14.82,Two,In stock,Classics,Books to Scrape,2
The Gunning of America: Business and the Making of American Gun Culture,16.81,Four,In stock,Nonfiction,Books to Scrape,4
The Geography of Bliss: One Grump's Search for the Happiest Places in the World,28.23,Two,In stock,Nonfiction,Books to Scrape,2
The Demonists (Demonist #1),52.11,Two,In stock,Fantasy,Books to Scrape,2
"The Demon Prince of Momochi House, Vol. 4 (The Demon Prince of Momochi House #4)",27.88,Two,In stock,Sequential Art,Books to Scrape,2
The Bone Hunters (Lexy Vaughan & Steven Macaulay #2),59.71,Three,In stock,Thriller,Books to Scrape,3
The Beast (Black Dagger Brotherhood #14),46.08,Five,In stock,Fantasy,Books to Scrape,5
Some Women,13.73,Five,In stock,Womens Fiction,Books to Scrape,5
Shopaholic Ties the Knot (Shopaholic #3),48.39,Five,In stock,Womens Fiction,Books to Scrape,5
Paper and Fire (The Great Library #2),49.45,Five,In stock,Fantasy,Books to Scrape,5
Outlander (Outlander #1),19.67,Five,In stock,Default,Books to Scrape,5
"Orchestra of Exiles: The Story of Bronislaw Huberman, the Israel Philharmonic, and the One Thousand Jews He Saved from Nazi Horrors",12.36,Three,In stock,Music,Books to Scrape,3
No One Here Gets Out Alive,20.02,Five,In stock,Music,Books to Scrape,5
Night Shift (Night Shift #1-20),12.75,Four,In stock,Horror,Books to Scrape,4
Needful Things,47.51,Four,In stock,Horror,Books to Scrape,4
Mockingjay (The Hunger Games #3),20.44,Four,In stock,Default,Books to Scrape,4
Misery,34.79,Two,In stock,Horror,Books to Scrape,2
Little Women (Little Women #1),28.07,Four,In stock,Classics,Books to Scrape,4
It,25.01,Three,In stock,Horror,Books to Scrape,3
Harry Potter and the Sorcerer's Stone (Harry Potter #1),13.9,Three,In stock,Default,Books to Scrape,3
Harry Potter and the Prisoner of Azkaban (Harry Potter #3),24.17,Four,In stock,Young Adult,Books to Scrape,4
Harry Potter and the Order of the Phoenix (Harry Potter #5),31.63,Four,In stock,Fantasy,Books to Scrape,4
Harry Potter and the Half-Blood Prince (Harry Potter #6),48.75,Five,In stock,Fantasy,Books to Scrape,5
Harry Potter and the Chamber of Secrets (Harry Potter #2),14.74,One,In stock,Fantasy,Books to Scrape,1
Gone with the Wind,32.49,Three,In stock,Classics,Books to Scrape,3
God Is Not Great: How Religion Poisons Everything,27.8,One,In stock,Nonfiction,Books to Scrape,1
Girl With a Pearl Earring,26.77,One,In stock,Historical Fiction,Books to Scrape,1
"Fruits Basket, Vol. 4 (Fruits Basket #4)",50.44,Four,In stock,Sequential Art,Books to Scrape,4
Far From True (Promise Falls Trilogy #2),34.93,Two,In stock,Thriller,Books to Scrape,2
Dark Lover (Black Dagger Brotherhood #1),12.87,One,In stock,Romance,Books to Scrape,1
Confessions of a Shopaholic (Shopaholic #1),48.94,Two,In stock,Default,Books to Scrape,2
Changing the Game (Play by Play #2),13.38,Three,In stock,Romance,Books to Scrape,3
Candide,58.63,Three,In stock,Classics,Books to Scrape,3
Can You Keep a Secret?,21.94,One,In stock,Womens Fiction,Books to Scrape,1
Atlas Shrugged,26.58,Five,In stock,Fiction,Books to Scrape,5
Animal Farm,57.22,Three,In stock,Classics,Books to Scrape,3
A Walk to Remember,56.43,One,In stock,Romance,Books to Scrape,1
A New Earth: Awakening to Your Life's Purpose,55.65,Five,In stock,Spirituality,Books to Scrape,5
"A History of God: The 4,000-Year Quest of Judaism, Christianity, and Islam",27.62,One,In stock,Religion,Books to Scrape,1
'Salem's Lot,49.56,Four,In stock,Horror,Books to Scrape,4
Zero History (Blue Ant #3),34.77,One,In stock,Default,Books to Scrape,1
Wuthering Heights,17.73,Three,In stock,Classics,Books to Scrape,3
World War Z: An Oral History of the Zombie War,21.8,One,In stock,Default,Books to Scrape,1
Wild: From Lost to Found on the Pacific Crest Trail,46.02,Three,In stock,Default,Books to Scrape,3
"Where'd You Go, Bernadette",18.13,One,In stock,Default,Books to Scrape,1
When You Are Engulfed in Flames,30.89,Five,In stock,Humor,Books to Scrape,5
We the People: The Modern-Day Figures Who Have Reshaped and Affirmed the Founding Fathers' Vision of America,31.95,Three,In stock,Nonfiction,Books to Scrape,3
We Are All Completely Beside Ourselves,24.04,One,In stock,Contemporary,Books to Scrape,1
Walk the Edge (Thunder Road #2),32.36,Three,In stock,Young Adult,Books to Scrape,3
Voyager (Outlander #3),21.07,Five,In stock,Historical Fiction,Books to Scrape,5
Very Good Lives: The Fringe Benefits of Failure and the Importance of Imagination,50.66,Three,In stock,Nonfiction,Books to Scrape,3
Vegan Vegetarian Omnivore: Dinner for Everyone at the Table,13.66,Two,In stock,Food and Drink,Books to Scrape,2
"Unstuffed: Decluttering Your Home, Mind, and Soul",58.09,One,In stock,Nonfiction,Books to Scrape,1
Under the Banner of Heaven: A Story of Violent Faith,30.0,One,In stock,Nonfiction,Books to Scrape,1
Two Boys Kissing,32.74,Two,In stock,Young Adult,Books to Scrape,2
Twilight (Twilight #1),41.93,Two,In stock,Default,Books to Scrape,2
Twenties Girl,42.8,Two,In stock,Womens Fiction,Books to Scrape,2
"Trespassing Across America: One Man's Epic, Never-Done-Before (and Sort of Illegal) Hike Across the Heartland",53.51,One,In stock,Nonfiction,Books to Scrape,1
Three-Martini Lunch,23.21,Three,In stock,Fiction,Books to Scrape,3
"Thinking, Fast and Slow",21.14,One,In stock,Psychology,Books to Scrape,1
The Wild Robot,56.07,Three,In stock,Childrens,Books to Scrape,3
"The Wicked + The Divine, Vol. 3: Commercial Suicide (The Wicked + The Divine)",14.41,Three,In stock,Sequential Art,Books to Scrape,3
The Undomestic Goddess,45.75,Four,In stock,Womens Fiction,Books to Scrape,4
The Travelers,15.77,One,In stock,Thriller,Books to Scrape,1
The Tipping Point: How Little Things Can Make a Big Difference,10.02,Two,In stock,Add a comment,Books to Scrape,2
The Thing About Jellyfish,48.77,One,In stock,Childrens,Books to Scrape,1
The Stand,57.86,Two,In stock,Horror,Books to Scrape,2
The Smitten Kitchen Cookbook,23.59,One,In stock,Food and Drink,Books to Scrape,1
The Silkworm (Cormoran Strike #2),23.05,Five,In stock,Mystery,Books to Scrape,5
"The Sandman, Vol. 3: Dream Country (The Sandman (volumes) #3)",55.55,Five,In stock,Sequential Art,Books to Scrape,5
The Rose & the Dagger (The Wrath and the Dawn #2),58.64,Four,In stock,Fantasy,Books to Scrape,4
The Road to Little Dribbling: Adventures of an American in Britain (Notes From a Small Island #2),23.21,One,In stock,Travel,Books to Scrape,1
The Rise of Theodore Roosevelt (Theodore Roosevelt #1),42.57,Three,In stock,Biography,Books to Scrape,3
The Restaurant at the End of the Universe (Hitchhiker's Guide to the Galaxy #2),10.92,One,In stock,Science Fiction,Books to Scrape,1
The Rest Is Noise: Listening to the Twentieth Century,34.77,One,In stock,Add a comment,Books to Scrape,1
The Red Tent,35.66,Five,In stock,Historical Fiction,Books to Scrape,5
The Purpose Driven Life: What on Earth Am I Here for?,37.19,Three,In stock,Add a comment,Books to Scrape,3
The Purest Hook (Second Circle Tattoos #3),12.25,One,In stock,Romance,Books to Scrape,1
The Picture of Dorian Gray,29.7,Two,In stock,Classics,Books to Scrape,2
The Paris Wife,36.8,Three,In stock,Default,Books to Scrape,3
The Obsession,45.43,One,In stock,Romance,Books to Scrape,1
The Nightingale,26.26,Four,In stock,Fiction,Books to Scrape,4
The New Guy (and Other Senior Year Distractions),44.92,Three,In stock,Young Adult,Books to Scrape,3
The Nanny Diaries (Nanny #1),52.53,Five,In stock,Womens Fiction,Books to Scrape,5
The Name of God is Mercy,37.25,Two,In stock,Nonfiction,Books to Scrape,2
The Maze Runner (The Maze Runner #1),20.93,One,In stock,Default,Books to Scrape,1
The Lover's Dictionary,58.09,Two,In stock,Default,Books to Scrape,2
The Lonely Ones,43.59,Five,In stock,Childrens,Books to Scrape,5
The Lean Startup: How Today's Entrepreneurs Use Continuous Innovation to Create Radically Successful Businesses,33.92,Three,In stock,Business,Books to Scrape,3
The Last Painting of Sara de Vos,55.55,Two,In stock,Historical Fiction,Books to Scrape,2
"The Land of 10,000 Madonnas",29.64,Four,In stock,Young Adult,Books to Scrape,4
The Infinities,27.41,One,In stock,Fiction,Books to Scrape,1
The Husband's Secret,52.51,Five,In stock,Fiction,Books to Scrape,5
The Hitchhiker's Guide to the Galaxy (Hitchhiker's Guide to the Galaxy #1),47.8,Three,In stock,Add a comment,Books to Scrape,3
The Guns of August,14.54,Two,In stock,History,Books to Scrape,2
The Guernsey Literary and Potato Peel Pie Society,49.53,One,In stock,Historical Fiction,Books to Scrape,1
The Goldfinch,43.58,Three,In stock,Default,Books to Scrape,3
The Giver (The Giver Quartet #1),12.3,One,In stock,Default,Books to Scrape,1
The Girl with All the Gifts,49.47,Three,In stock,Horror,Books to Scrape,3
The Girl Who Played with Fire (Millennium Trilogy #2),22.14,Two,In stock,Default,Books to Scrape,2
The Girl Who Kicked the Hornet's Nest (Millennium Trilogy #3),57.48,One,In stock,Add a comment,Books to Scrape,1
The Exiled,43.45,Three,In stock,Mystery,Books to Scrape,3
"The End of Faith: Religion, Terror, and the Future of Reason",22.13,Four,In stock,Add a comment,Books to Scrape,4
"The Elegant Universe: Superstrings, Hidden Dimensions, and the Quest for the Ultimate Theory",13.03,Four,In stock,Science,Books to Scrape,4
"The Disappearing Spoon: And Other True Tales of Madness, Love, and the History of the World from the Periodic Table of the Elements",57.35,Five,In stock,Science,Books to Scrape,5
The Devil Wears Prada (The Devil Wears Prada #1),44.29,One,In stock,Womens Fiction,Books to Scrape,1
The Demon-Haunted World: Science as a Candle in the Dark,52.25,Four,In stock,Default,Books to Scrape,4
The Day the Crayons Came Home (Crayons),26.33,Five,In stock,Childrens,Books to Scrape,5
The Da Vinci Code (Robert Langdon #2),22.96,Two,In stock,Fiction,Books to Scrape,2
The Cuckoo's Calling (Cormoran Strike #1),19.21,One,In stock,Mystery,Books to Scrape,1
The Complete Stories and Poems (The Works of Edgar Allan Poe [Cameo Edition]),26.78,Four,In stock,Classics,Books to Scrape,4
The Complete Poems,41.32,Five,In stock,Add a comment,Books to Scrape,5
The Catcher in the Rye,24.55,One,In stock,Add a comment,Books to Scrape,1
The Cat in the Hat (Beginner Books B-1),16.26,Two,In stock,Childrens,Books to Scrape,2
The Case for Christ (Cases for Christianity),47.84,One,In stock,Add a comment,Books to Scrape,1
The Book Thief,53.49,Two,In stock,Default,Books to Scrape,2
The Book of Basketball: The NBA According to The Sports Guy,44.84,Five,In stock,Sports and Games,Books to Scrape,5
The Blind Side: Evolution of a Game,53.71,Five,In stock,Add a comment,Books to Scrape,5
The Autobiography of Malcolm X,23.43,Two,In stock,Default,Books to Scrape,2
"The Art of Simple Food: Notes, Lessons, and Recipes from a Delicious Revolution",34.32,Three,In stock,Food and Drink,Books to Scrape,3
The Art of Fielding,22.1,One,In stock,Fiction,Books to Scrape,1
"Surely You're Joking, Mr. Feynman!: Adventures of a Curious Character",25.83,Two,In stock,Science,Books to Scrape,2
Stiff: The Curious Lives of Human Cadavers,36.74,Three,In stock,Nonfiction,Books to Scrape,3
Spilled Milk: Based on a True Story,49.51,One,In stock,Nonfiction,Books to Scrape,1
Something Borrowed (Darcy & Rachel #1),48.96,Five,In stock,Womens Fiction,Books to Scrape,5
Something Blue (Darcy & Rachel #2),54.62,One,In stock,Womens Fiction,Books to Scrape,1
Soldier (Talon #3),24.72,Two,In stock,Fantasy,Books to Scrape,2
Shopaholic & Baby (Shopaholic #5),46.45,Two,In stock,Default,Books to Scrape,2
Seven Days in the Art World,52.33,Two,In stock,Add a comment,Books to Scrape,2
Seven Brief Lessons on Physics,30.6,Four,In stock,Science,Books to Scrape,4
Scarlet (The Lunar Chronicles #2),14.57,Four,In stock,Young Adult,Books to Scrape,4
Sarah's Key,46.29,One,In stock,Add a comment,Books to Scrape,1
"Saga, Volume 3 (Saga (Collected Editions) #3)",21.57,Five,In stock,Sequential Art,Books to Scrape,5
Running with Scissors,12.91,Four,In stock,Autobiography,Books to Scrape,4
Rogue Lawyer (Rogue Lawyer #1),50.11,Three,In stock,Add a comment,Books to Scrape,3
"Rise of the Rocket Girls: The Women Who Propelled Us, from Missiles to the Moon to Mars",41.67,Four,In stock,Nonfiction,Books to Scrape,4
Rework,44.88,Two,In stock,Business,Books to Scrape,2
Reservations for Two,11.1,Three,In stock,Romance,Books to Scrape,3
Red: The True Story of Red Riding Hood,28.54,Three,In stock,Childrens,Books to Scrape,3
Ready Player One,19.07,Four,In stock,Science Fiction,Books to Scrape,4
Quiet: The Power of Introverts in a World That Can't Stop Talking,43.55,One,In stock,Default,Books to Scrape,1
Prodigy: The Graphic Novel (Legend: The Graphic Novel #2),43.63,Three,In stock,Sequential Art,Books to Scrape,3
Persepolis: The Story of a Childhood (Persepolis #1-2),39.13,One,In stock,Sequential Art,Books to Scrape,1
Packing for Mars: The Curious Science of Life in the Void,56.68,Two,In stock,Default,Books to Scrape,2
Outliers: The Story of Success,14.16,One,In stock,Nonfiction,Books to Scrape,1
Original Fake,31.45,Three,In stock,Sequential Art,Books to Scrape,3
Orange Is the New Black,24.61,Two,In stock,Default,Books to Scrape,2
One for the Money (Stephanie Plum #1),32.87,Two,In stock,Default,Books to Scrape,2
Learning Python,11.0,One,In stock,Programming,OpenLibrary,1
Python,26.0,Two,In stock,Programming,OpenLibrary,2
Python Cookbook,39.0,Five,In stock,Programming,OpenLibrary,5
Fluent Python,76.0,Two,In stock,Programming,OpenLibrary,2
Black Hat Python: Python Programming for Hackers and Pentesters,75.0,Four,In stock,Programming,OpenLibrary,4
Think Python,58.0,Two,In stock,Programming,OpenLibrary,2
Python For Data Analysis,28.0,Five,In stock,Programming,OpenLibrary,5
Programming Python,83.0,One,In stock,Programming,OpenLibrary,1
Data science from scratch,21.0,One,In stock,Programming,OpenLibrary,1
"Python Crash Course, 2nd Edition",43.0,Five,In stock,Programming,OpenLibrary,5
Automate the Boring Stuff with Python,23.0,One,In stock,Programming,OpenLibrary,1
Python crash course,82.0,Four,In stock,Programming,OpenLibrary,4
Python,99.0,Four,In stock,Programming,OpenLibrary,4
Core Python Programming,89.0,One,In stock,Programming,OpenLibrary,1
Core Python programming,45.0,One,In stock,Programming,OpenLibrary,1
Introduction to Machine Learning with Python,91.0,Three,In stock,Programming,OpenLibrary,3
The Hidden Oracle,63.0,Five,In stock,Programming,OpenLibrary,5
"Python Crash Course, 3rd Edition",14.0,Two,In stock,Programming,OpenLibrary,2
Python Data Science Handbook,99.0,One,In stock,Programming,OpenLibrary,1
The Burning Maze,20.0,Four,In stock,Programming,OpenLibrary,4
My Favorite Animal,58.0,Five,In stock,Programming,OpenLibrary,5
Data Science,17.0,Two,In stock,Programming,OpenLibrary,2
Python,62.0,Three,In stock,Programming,OpenLibrary,3
Beginning Python,16.0,Two,In stock,Programming,OpenLibrary,2
Python Playground,31.0,Three,In stock,Programming,OpenLibrary,3
Head First Python,34.0,Four,In stock,Programming,OpenLibrary,4
Python,47.0,Four,In stock,Programming,OpenLibrary,4
Python! python!,47.0,Two,In stock,Programming,OpenLibrary,2
Practical Statistics for Data Scientists: 50 Essential Concepts,71.0,Five,In stock,Programming,OpenLibrary,5
Python Distilled,60.0,Five,In stock,Programming,OpenLibrary,5
Python Basics,82.0,Four,In stock,Programming,OpenLibrary,4
Python for Everybody,100.0,Three,In stock,Programming,OpenLibrary,3
Python Programming,29.0,Three,In stock,Programming,OpenLibrary,3
Garden Planting Weekly,48.0,Three,In stock,Programming,OpenLibrary,3
Python for dummies,57.0,Two,In stock,Programming,OpenLibrary,2
Python,66.0,Five,In stock,Programming,OpenLibrary,5
Effective Python,83.0,One,In stock,Programming,OpenLibrary,1
Django for Beginners,86.0,Three,In stock,Programming,OpenLibrary,3
Automate the Boring Stuff with Python,34.0,Two,In stock,Programming,OpenLibrary,2
PYTHON Exercises,95.0,One,In stock,Programming,OpenLibrary,1
Starting out with Python,97.0,One,In stock,Programming,OpenLibrary,1
The Python Project,23.0,One,In stock,Programming,OpenLibrary,1
Python Basics,59.0,Five,In stock,Programming,OpenLibrary,5
Python,13.0,Five,In stock,Programming,OpenLibrary,5
Intro to Python,66.0,One,In stock,Programming,OpenLibrary,1
Deep Learning with Python,53.0,Two,In stock,Programming,OpenLibrary,2
Python programming,58.0,One,In stock,Programming,OpenLibrary,1
Python for Geeks,97.0,Two,In stock,Programming,OpenLibrary,2
Python Programming Crash Course,68.0,Two,In stock,Programming,OpenLibrary,2
Verdi,42.0,Four,In stock,Programming,OpenLibrary,4
Python machine learning,32.0,Five,In stock,Programming,OpenLibrary,5
Python in a Nutshell,80.0,Four,In stock,Programming,OpenLibrary,4
Python essential reference,68.0,Three,In stock,Programming,OpenLibrary,3
Monty Python & the Holy Grail,99.0,Four,In stock,Programming,OpenLibrary,4
Python Programming,36.0,Four,In stock,Programming,OpenLibrary,4
Python for Beginners : 2 Books in 1,66.0,Four,In stock,Programming,OpenLibrary,4
Data Structures and Algorithms in Python,49.0,Two,In stock,Programming,OpenLibrary,2
Python All-in-One For Dummies,37.0,Five,In stock,Programming,OpenLibrary,5
Python 201,76.0,Two,In stock,Programming,OpenLibrary,2
Python Programming,14.0,Two,In stock,Programming,OpenLibrary,2
Python's Party,54.0,Three,In stock,Programming,OpenLibrary,3
Introduction To Computation And Programming Using Python,78.0,One,In stock,Programming,OpenLibrary,1
Let Us Python,79.0,Five,In stock,Programming,OpenLibrary,5
Python for Kids,26.0,Three,In stock,Programming,OpenLibrary,3
Programming for Beginners : This Book Includes,74.0,Three,In stock,Programming,OpenLibrary,3
Python Algorithms,22.0,Five,In stock,Programming,OpenLibrary,5
Python Programming,80.0,Four,In stock,Programming,OpenLibrary,4
Python,82.0,Three,In stock,Programming,OpenLibrary,3
Monty Python's the meaning of life,29.0,Two,In stock,Programming,OpenLibrary,2
"Bibliothèque romane de la Suisse; ou, Recueil de morceaux écrits en langue romane de la Suisse occidentale",69.0,Four,In stock,Programming,OpenLibrary,4
Starting Out with Python,72.0,Two,In stock,Programming,OpenLibrary,2
Python scripts for Abaqus,59.0,Four,In stock,Programming,OpenLibrary,4
Python,61.0,Three,In stock,Programming,OpenLibrary,3
Concetti di informatica e fondamenti di Python,30.0,Four,In stock,Programming,OpenLibrary,4
Password Book,84.0,One,In stock,Programming,OpenLibrary,1
Understanding coding with Python,67.0,Two,In stock,Programming,OpenLibrary,2
Python,41.0,Two,In stock,Programming,OpenLibrary,2
Monty Python's Big Red Book,81.0,Five,In stock,Programming,OpenLibrary,5
Python,77.0,Five,In stock,Programming,OpenLibrary,5
The Pythons' Autobiography by the Pythons,32.0,Three,In stock,Programming,OpenLibrary,3
Python for bioinformatics,49.0,Five,In stock,Programming,OpenLibrary,5
Fundamentals of Python Programming,28.0,Three,In stock,Programming,OpenLibrary,3
Dive into Python,24.0,Four,In stock,Programming,OpenLibrary,4
Python Tricks: A Buffet of Awesome Python Features,12.0,Two,In stock,Programming,OpenLibrary,2
Python programming in context,85.0,One,In stock,Programming,OpenLibrary,1
Django for Professionals,89.0,One,In stock,Programming,OpenLibrary,1
Elements of programming interviews in Python,21.0,Four,In stock,Programming,OpenLibrary,4
Python,98.0,One,In stock,Programming,OpenLibrary,1
Life of Brian,49.0,Four,In stock,Programming,OpenLibrary,4
Python beyond Python,27.0,Two,In stock,Programming,OpenLibrary,2
The Pythons,22.0,One,In stock,Programming,OpenLibrary,1
Python for Finance: Analyze Big Financial Data,13.0,Five,In stock,Programming,OpenLibrary,5
Introducing Python,61.0,Five,In stock,Programming,OpenLibrary,5
Python : Programming,15.0,Four,In stock,Programming,OpenLibrary,4
Learn Python-3,30.0,One,In stock,Programming,OpenLibrary,1
Foundations of Python network programming,64.0,Two,In stock,Programming,OpenLibrary,2
Python NSI,44.0,Five,In stock,Programming,OpenLibrary,5
Python Programming,11.0,Four,In stock,Programming,OpenLibrary,4
Natural Language Processing With Python,40.0,Four,In stock,Programming,OpenLibrary,4
Python 3,49.0,Two,In stock,Programming,OpenLibrary,2
